{"cameraMode":{"drawMode":0,"name":"Shaded","section":"Shading Mode"},"sceneLighting":true,"audioPlay":false,"sceneViewState":{"showFog":true,"showMaterialUpdate":false,"showSkybox":true,"showFlares":true,"showImageEffects":true,"showParticleSystems":true},"in2DMode":false,"pivot":{"x":-1.4866533279418946,"y":-0.18990421295166017,"z":-3.8020691871643068},"rotation":{"x":0.3032782971858978,"y":0.43756067752838137,"z":-0.15962758660316468,"w":0.8313264846801758},"size":14.73306655883789,"orthographic":false}