{"cameraMode":{"drawMode":0,"name":"Shaded","section":"Shading Mode"},"sceneLighting":true,"audioPlay":false,"sceneViewState":{"showFog":true,"showMaterialUpdate":false,"showSkybox":true,"showFlares":true,"showImageEffects":true,"showParticleSystems":true},"in2DMode":false,"pivot":{"x":0.41352176666259768,"y":0.4730491638183594,"z":2.676419258117676},"rotation":{"x":-0.15074245631694795,"y":0.7805361151695252,"z":-0.20622746646404267,"w":-0.5705357789993286},"size":16.23227882385254,"orthographic":false}